{
  "version": "1.4",
  "metadata": {
    "name": "B&M CRM Global Kit (Enterprise Funnels) \u2014 v2003e",
    "author": "B&M Commercial Services",
    "description": "Full Elementor site kit with Shay & Rehab intake popups, email+webhook actions, thank-you redirect, and animated design."
  },
  "global_styles": {
    "custom_css": {
      "bm-style.css": "/* Global Animated Style */\n@import url('https://fonts.googleapis.com/css2?family=Inter:wght@400;500;600&family=Montserrat:wght@700;800&display=swap');\n:root { --navy:#061f3e; --navy2:#0b1e3d; --silver:#a0aec0; --accent:#1e40af; }\nbody { font-family: 'Inter', sans-serif; background: linear-gradient(270deg, var(--navy2), var(--navy), #0d1224);\n  background-size: 600% 600%; animation: drift 20s ease infinite; color: #fff; }\n@media (max-width:768px){ body{animation-duration:22s} .btn-glow{animation-duration:5.5s} }\nh1,h2,h3{ font-family:'Montserrat',sans-serif; }\n.section-surface{ background:rgba(255,255,255,.04); border:1px solid rgba(255,255,255,.08); border-radius:16px; padding:28px; margin:22px 0; backdrop-filter:blur(10px); }\n.btn-glow{ background:linear-gradient(145deg,#133163,#0b1e3d); color:#fff; border-radius:12px; padding:12px 22px; display:inline-block; font-weight:600; text-transform:uppercase; letter-spacing:.05em;\n  animation: shimmer 5s ease-in-out infinite; box-shadow:0 0 15px rgba(30,64,175,.25); transition: transform .3s ease; }\n.btn-glow:hover{ transform: translateY(-3px) }\n.btn-shay{ background: linear-gradient(145deg,#1e40af,#153a8f); box-shadow:0 0 22px rgba(30,64,175,.55) }\n.shay-float{ position:fixed; bottom:20px; right:20px; z-index:1000; background:linear-gradient(145deg,#1e40af,#153a8f); color:#fff; border-radius:999px; padding:14px 22px; box-shadow:0 0 22px rgba(30,64,175,.55);\n  animation: shimmer 6s ease-in-out infinite; }\n.bm-footer{ position:relative } .footer-watermark img{ position:absolute; bottom:12px; right:24px; opacity:.05; width:140px; pointer-events:none }\n@keyframes drift{0%,100%{background-position:0% 50%}50%{background-position:100% 50%}}\n@keyframes shimmer{0%{box-shadow:0 0 15px rgba(30,64,175,.25)}50%{box-shadow:0 0 28px rgba(30,64,175,.45)}100%{box-shadow:0 0 15px rgba(30,64,175,.25)}}\n"
    },
    "typography": {
      "body": {
        "font_family": "Inter"
      },
      "headings": {
        "font_family": "Montserrat"
      }
    },
    "colors": {
      "primary": "#133163",
      "secondary": "#0b1e3d",
      "text": "#ffffff",
      "accent": "#1e40af",
      "muted": "#a0aec0"
    }
  },
  "templates": [
    {
      "title": "Homepage",
      "type": "page",
      "theme_builder": false,
      "content": "<!-- Homepage (v2003e) -->\n<section id=\"hero\" class=\"section-surface\" style=\"text-align:center\">\n  <h1>Commercial Excellence,<br/>Every Service, Every Time.</h1>\n  <p>Facility Services \u00b7 Rehab &amp; Restoration \u00b7 Mobile Mechanics</p>\n  <div style=\"margin-top:14px\">\n    <a href=\"#\" class=\"btn-glow btn-shay\" data-popup=\"quote-intake\">Chatbot Shay</a>\n    <a href=\"#\" class=\"btn-glow btn-rehab\" data-popup=\"intake-rehab-restoration\">Rehab &amp; Restoration Intake</a>\n    <a href=\"/portal/client\" class=\"btn-glow\">Client Portal</a>\n    <a href=\"/portal/vendor\" class=\"btn-glow\">Vendor Portal</a>\n    <a href=\"/register\" class=\"btn-glow\">Register</a>\n  </div>\n</section>\n\n<section id=\"capability-statement\" class=\"section-surface\">\n  <h2>Capability Statement</h2>\n  <p>B&amp;M Commercial Services LLC is a full-service facility and restoration firm specializing in janitorial, floor care, post-construction, and emergency response.</p>\n  <p>We deliver commercial excellence through certified professionals, advanced technology, and dependable service\u2014every time.</p>\n  <a class=\"btn-glow\" href=\"/wp-content/uploads/capability-statement.pdf\">Download Capability Statement (PDF)</a>\n</section>\n\n<section id=\"service-area\" class=\"section-surface\">\n  <h2>Service Area</h2>\n  <div class=\"service-area-grid\">\n    <div class=\"map\">[Map Placeholder \u2014 embed Google Map or image]</div>\n    <ul class=\"regions\">\n      <li><strong>Florida</strong> \u2014 Tampa, St. Petersburg, Orlando</li>\n      <li><strong>North Carolina</strong> \u2014 Charlotte, Raleigh, Durham</li>\n      <li><strong>New Mexico</strong> \u2014 Albuquerque, Santa Fe</li>\n      <li><strong>Colorado</strong> \u2014 Denver, Colorado Springs</li>\n      <li><strong>Pennsylvania</strong> \u2014 Philadelphia, Allentown, Reading</li>\n      <li><strong>Delaware</strong> \u2014 Wilmington</li>\n    </ul>\n  </div>\n</section>\n\n<section id=\"testimonials-carousel\" class=\"section-surface\">\n  <h2>Client Testimonials</h2>\n  <div class=\"carousel\">\n    <blockquote>\u201cB&amp;M kept our facility spotless during 24/7 operations.\u201d \u2014 Procurement Director (FL)</blockquote>\n    <blockquote>\u201cReliable, communicative, and audit-ready.\u201d \u2014 Federal Contract Officer (NC)</blockquote>\n    <blockquote>\u201cEmergency response saved our floor replacement budget.\u201d \u2014 Property Manager (CO)</blockquote>\n    <blockquote>\u201cProfessional team with consistent KPIs and reporting.\u201d \u2014 Facilities Director (PA)</blockquote>\n  </div>\n  <!-- Use Elementor Slides widget here with Autoplay 4500ms, Fade, Speed 800ms, Dots ON, Arrows OFF -->\n</section>\n\n<footer class=\"bm-footer section-surface\">\n  <div class=\"footer-watermark\"><img src=\"/assets/bm-logo.svg\" alt=\"B&M Logo Watermark\"/></div>\n  <div>info@bmcs365.com \u00b7 727-627-3669</div>\n  <div>\u00a9 2025 B&amp;M Global Enterprise LLC</div>\n</footer>\n\n<a href=\"#\" class=\"shay-float\" data-popup=\"quote-intake\">Chat with Shay</a>\n"
    },
    {
      "title": "Capability Statement",
      "type": "page",
      "theme_builder": false,
      "content": "<!-- Capability Statement page content -->"
    },
    {
      "title": "Client Portal",
      "type": "page",
      "theme_builder": false,
      "content": "<!-- Client Portal page content -->"
    },
    {
      "title": "Vendor Portal",
      "type": "page",
      "theme_builder": false,
      "content": "<!-- Vendor Portal page content -->"
    },
    {
      "title": "Register",
      "type": "page",
      "theme_builder": false,
      "content": "<!-- Register page content -->"
    },
    {
      "title": "Chatbot Shay",
      "type": "page",
      "theme_builder": false,
      "content": "<!-- Shay page content -->"
    },
    {
      "title": "Header",
      "type": "header",
      "theme_builder": true,
      "content": "<!-- Animated header -->"
    },
    {
      "title": "Footer",
      "type": "footer",
      "theme_builder": true,
      "content": "<!-- Animated footer with watermark -->"
    },
    {
      "title": "Thank You \u2013 Shay Handoff",
      "type": "page",
      "theme_builder": false,
      "content": "<!-- Thank You \u2013 Shay Handoff (2s redirect) -->\n<section class=\"section-surface\" style=\"text-align:center; padding:48px\">\n  <h2>\u2705 Thank you \u2014 your request has been received.</h2>\n  <p>Shay Assistant is reviewing your details and will assist you shortly.</p>\n  <p><em>Connecting you to Shay Assistant\u2026</em></p>\n</section>\n<script>\n  setTimeout(function(){\n    var params = new URLSearchParams(window.location.search);\n    var intent = params.get('intent') || 'quote';\n    window.location.href = \"/chatbot/shay?intent=\" + intent;\n  }, 2000);\n</script>\n"
    }
  ],
  "popups": [
    {
      "title": "Popup \u2013 Quote Intake (Shay)",
      "type": "popup",
      "content": "<!-- Elementor Popup with form: name, company, email, phone, service type, message -->",
      "actions": {
        "email": {
          "to": "info@bmcs365.com",
          "subject": "[Quote Intake \u2013 Chatbot Shay] {{name}}"
        },
        "webhook": {
          "url": "https://api.bmcs365.com/intake",
          "method": "POST"
        },
        "redirect": {
          "url": "/thank-you?intent=quote"
        }
      },
      "trigger_selectors": [
        ".btn-shay",
        ".shay-float"
      ]
    },
    {
      "title": "Popup \u2013 Rehab & Restoration Intake",
      "type": "popup",
      "content": "<!-- Elementor Popup with form: name, company/property, email, phone, project type, address, description, photo upload -->",
      "actions": {
        "email": {
          "to": "info@bmcs365.com",
          "subject": "[Rehab & Restoration Intake] {{name}}"
        },
        "webhook": {
          "url": "https://api.bmcs365.com/intake",
          "method": "POST"
        },
        "redirect": {
          "url": "/thank-you?intent=rehab"
        }
      },
      "trigger_selectors": [
        ".btn-rehab"
      ]
    }
  ],
  "assets": {
    "bm-logo.svg": "assets/bm-logo.svg",
    "hero-bm.jpg": "assets/hero-bm.jpg"
  }
}